CustomerID,PLZ,City,State
c1c7a2848f40,38908,Weimar,Sachsen-Anhalt
d56badee061c,55940,Pinneberg,Brandenburg
fba69d74eef3,25534,Schmölln,Hamburg
c3c2603b2d70,37672,Dieburg,Mecklenburg-Vorpommern
94f6486963cd,26916,Sankt Goar,Schleswig-Holstein
dad91dcce010,48281,Soltau,Hessen
6dcf47721286,71822,Quedlinburg,Hamburg
2c8754a768e5,31509,Rudolstadt,Mecklenburg-Vorpommern
22579d7e20eb,76311,Jülich,Sachsen-Anhalt
c81259f34a41,87262,Moers,Mecklenburg-Vorpommern
7598bd71fe53,60260,Grimmen,Schleswig-Holstein
5b122d52814b,09788,Bayreuth,Berlin
09d35015c802,62475,Amberg,Schleswig-Holstein
8dc07de707aa,98084,Delitzsch,Niedersachsen
e27e61b004ff,01640,Holzminden,Bremen
63f37926227c,62045,Kaiserslautern,Hessen
db6dedca2e05,60733,Jena,Nordrhein-Westfalen
9ab65ae42320,14294,Bützow,Sachsen-Anhalt
24c1e8e62f86,56159,Sternberg,Brandenburg
6bbc7f2133e2,80443,Rosenheim,Rheinland-Pfalz
aadcd499a962,20037,Miesbach,Sachsen-Anhalt
ad0a5f423792,17278,Wunsiedel,Schleswig-Holstein
00dc5e3ff9c4,34558,Dessau,Bremen
210b5734e487,70546,Pirmasens,Mecklenburg-Vorpommern
4778890e21f0,16272,Griesbach Rottal,Sachsen
690e733c2dab,10033,Schwerin,Bremen
b61fe1d1a782,90496,Weimar,Hessen
2d3ec09b42db,71657,Marienberg,Hamburg
15b0192f7a89,79965,Norden,Rheinland-Pfalz
df34cfce2ddd,77014,Luckenwalde,Mecklenburg-Vorpommern
d4c40c6083d0,35182,Fürstenfeldbruck,Thüringen
91cbdba25f4e,27109,München,Thüringen
35402ac5b811,94131,Schlüchtern,Mecklenburg-Vorpommern
36ed7d6287d9,81206,Tuttlingen,Thüringen
31ac448529cf,42102,Sangerhausen,Nordrhein-Westfalen
997decc5f01e,94013,Zschopau,Niedersachsen
c3fcbe5dfa7d,56551,Hohenmölsen,Sachsen-Anhalt
99724234e6f0,60385,Schwäbisch Hall,Schleswig-Holstein
52bbbecf7e4a,13171,Northeim,Nordrhein-Westfalen
b45ed2c50b71,84044,Dresden,Schleswig-Holstein
fd6f448a537c,66270,Nürtingen,Rheinland-Pfalz
a3106c759a3b,96158,Hersbruck,Thüringen
1178ea5629ae,00504,Kleve,Sachsen-Anhalt
024a96c9fa45,74821,Ilmenau,Nordrhein-Westfalen
055ae687dcb3,40909,Gütersloh,Mecklenburg-Vorpommern
c254fe7df2af,09521,Hofgeismar,Sachsen-Anhalt
2576f8c3e902,68516,Grimmen,Brandenburg
a690f5f162c9,61200,Niesky,Brandenburg
619165201926,05377,Karlsruhe,Brandenburg
b6d10b6a036a,29318,Rottweil,Hessen
359d96a93aa1,02402,Passau,Brandenburg
f878dd62e343,76617,Bersenbrück,Berlin
389e0f551325,11836,Geithain,Sachsen-Anhalt
1cc70d32846d,11116,Wolfenbüttel,Saarland
13e46c560187,27315,Celle,Niedersachsen
b9e344c756b9,20183,Lüdenscheid,Schleswig-Holstein
7769f1239eef,76797,Guben,Hessen
51146b476b24,43244,Coburg,Baden-Württemberg
3f9cb3978a57,59696,Hainichen,Brandenburg
1ab934b136ba,45352,Oranienburg,Brandenburg
713ba8f61f39,99799,Sebnitz,Rheinland-Pfalz
2282d30985a3,05411,Moers,Bayern
58e74b1567d2,77889,Kassel,Saarland
886e21a9b6c8,51925,Starnberg,Sachsen
5d3422d03696,23573,Dessau,Bremen
6e9e7a01eb11,29270,Kassel,Mecklenburg-Vorpommern
88e7bdd912aa,23924,Sondershausen,Thüringen
c9bd25c32752,50606,Gera,Sachsen
db7f6e6545a6,04328,Calau,Nordrhein-Westfalen
23c74196e72c,24609,Gießen,Sachsen-Anhalt
72e988d8eb56,51531,Delitzsch,Bayern
2f3a8a765079,30305,Osterburg,Sachsen
15aca2854624,58416,Malchin,Hamburg
c98325181881,70596,Soltau,Bayern
379ebebe8e18,56909,Sömmerda,Schleswig-Holstein
dd0fe71671a0,27868,Grimma,Niedersachsen
05736a0d282c,,Cottbus,Hessen
3e4e37d748aa,78669,Cuxhaven,Rheinland-Pfalz
0465ce22ecb4,42253,Paderborn,Nordrhein-Westfalen
921e62ce7ad8,01094,Riesa,Sachsen-Anhalt
bc7ee4f48339,67735,Helmstedt,Rheinland-Pfalz
fa66a4abdf6e,21046,Grafenau,Hamburg
f6c2dde03a92,87339,Badalzungen,Bayern
10d283c4b3f1,98358,Bersenbrück,Sachsen
685102ce2f35,00257,Dresden,Bremen
edb3a21ac1bc,51694,Sankt Goar,Thüringen
9613928529a8,91307,Lüdenscheid,Bremen
e4dfa3382446,85854,Euskirchen,Mecklenburg-Vorpommern
0ad842e0f02b,65240,Warendorf,Berlin
4ed747073d46,01657,Tecklenburg,Bremen
a04233aec2c9,80262,Lichtenfels,Thüringen
46eff0f99985,15274,Ansbach,Rheinland-Pfalz
37ec30b57d11,27530,Kulmbach,Mecklenburg-Vorpommern
3817ec543c32,14593,Delitzsch,Thüringen
a9617bd36564,19108,Rochlitz,Bremen
93746af9a172,86790,Suhl,Nordrhein-Westfalen
0e5b577d82cd,70462,Sondershausen,Sachsen-Anhalt
469278a0c2d3,00478,Perleberg,Sachsen
05a078d470a8,90306,Genthin,Hessen
200a2290a9f2,68705,Pasewalk,Rheinland-Pfalz
7320f3ffb41e,68826,Greiz,Hessen
26d16a151448,98373,Hansestadttralsund,Baden-Württemberg
1086241e2fd7,44587,Burg,Thüringen
77521dc72242,53693,Quedlinburg,Rheinland-Pfalz
9124aad31df2,10062,Bergzabern,Bremen
7299927759bf,84086,Büsingen am Hochrhein,Brandenburg
17591257966a,66687,Soest,Baden-Württemberg
afb8f64e78d8,25039,Worbis,Sachsen
39aca02bf8c0,16315,Hofgeismar,Baden-Württemberg
8761265dcb91,11426,Wittstock,Sachsen
6adad2b3a3cf,67888,Burglengenfeld,Baden-Württemberg
5f53888bfcb6,62244,Niesky,Bremen
6ef6370210bf,24065,Hohenmölsen,Schleswig-Holstein
0ba853873b50,93564,Kassel,Brandenburg
202402321177,43426,Bersenbrück,Schleswig-Holstein
1a3edd26db8f,61014,Oranienburg,Mecklenburg-Vorpommern
cd672636c75a,57387,Nauen,Brandenburg
a24089fa2684,82586,Gelnhausen,Sachsen
404ff6a33ad1,41918,Kehl,Rheinland-Pfalz
3a4c40b4ab8b,25134,Emmendingen,Saarland
68b31dfb1b61,22579,Kaiserslautern,Baden-Württemberg
64729909cc49,04384,Miltenberg,Thüringen
fcf9005f1b56,07451,Cloppenburg,Mecklenburg-Vorpommern
8f970c1893be,44948,Demmin,Sachsen-Anhalt
97a779a765e6,66711,Osterburg,Niedersachsen
a345a4ce9ea4,74545,Rehau,Thüringen
af26dae9e150,24154,Kitzingen,Hamburg
96a2ca71f156,00516,Neu-Ulm,Berlin
434ffda97134,92753,Lörrach,Schleswig-Holstein
3fb6657a5403,89994,Steinfurt,Nordrhein-Westfalen
decdd395c69b,55269,Kehl,Hamburg
1be9d2cedf01,88924,Heiligenstadt,Berlin
6ff587083847,79904,Coburg,Baden-Württemberg
309e98408862,64814,Nordhausen,Schleswig-Holstein
fef1b545c51c,30756,Eisenhüttenstadt,Bayern
437c0fbd875f,80617,Heinsberg,Rheinland-Pfalz
6b2a01940a1d,,Hoyerswerda,Baden-Württemberg
076a230994c4,86571,Oberviechtach,Bremen
0d9d01d1a344,31329,Düren,Brandenburg
6c1abafed714,49035,Bremen,Mecklenburg-Vorpommern
500081b57226,00323,Kitzingen,Berlin
918b7cfb57b8,29667,Kronach,Sachsen-Anhalt
a8ac0b2e1350,63838,Kronach,Saarland
d83e23745063,93213,Groß-Gerau,Bayern
df434dfc7d39,84270,Bautzen,Mecklenburg-Vorpommern
83aebe395a90,18515,Rottweil,Brandenburg
6db3bee68ad0,92644,Eisenberg,Baden-Württemberg
4fbccc16f45a,15704,Grafenau,Berlin
daa2c4289cbf,86179,Eberswalde,Schleswig-Holstein
d517469939b6,99706,Schlüchtern,Sachsen-Anhalt
e60dc7c1c7ac,20506,Haldensleben,Thüringen
e7e66c1e9fe0,25652,Bad Liebenwerda,Niedersachsen
23dfee58d4b8,68687,Nauen,Nordrhein-Westfalen
e813fca4c6e1,06163,Sangerhausen,Niedersachsen
891a9289ce1b,62299,Büsingen am Hochrhein,Brandenburg
fe4d48720e99,06530,Großenhain,Saarland
879bd1edee94,36785,Osterburg,Hamburg
50aba4db4830,45786,Tecklenburg,Baden-Württemberg
3f849035109e,60293,Stade,Mecklenburg-Vorpommern
0d662469e248,94466,Mittweida,Niedersachsen
4704c19af128,45444,Dresden,Mecklenburg-Vorpommern
40db9091b8c8,09935,Torgau,Thüringen
db861bab1e40,13534,Hohenstein-Ernstthal,Saarland
563748058fe6,60223,Ludwigslust,Schleswig-Holstein
fd0ec81b021e,32927,Darmstadt,Sachsen-Anhalt
808f07484c9e,42168,Eggenfelden,Berlin
cbfba0028956,03323,Rudolstadt,Hamburg
b0e25b821d65,67618,Naila,Bremen
0e01fd7ca933,73934,Kaiserslautern,Sachsen-Anhalt
660792f4ffff,18114,Miesbach,Nordrhein-Westfalen
54ff55540509,02255,Schwerin,Niedersachsen
95879f7848a2,21697,Eisleben,Sachsen
d3b1f769f7d5,58891,Stendal,Mecklenburg-Vorpommern
95759a5d8a2b,35408,Quedlinburg,Sachsen
d7e301b5cd6f,60880,Schleiz,Nordrhein-Westfalen
a97026418d78,55488,Viersen,Brandenburg
48e3cf2a4ce5,51609,Meppen,Schleswig-Holstein
919cb12d101f,69346,Haldensleben,Schleswig-Holstein
40c2ea9999c9,88515,Roth,Sachsen-Anhalt
fdd5b5cc44a1,04380,Merseburg,Brandenburg
f424a6d31f39,04397,Siegen,Saarland
df2618f77ad2,29405,Wanzleben,Bremen
bf3ace308616,81826,Bremervörde,Saarland
e1f4a299a8d3,61648,Aue,Saarland
017f7d9aa46c,36138,Stade,Berlin
eeef6eaf3244,65061,Sondershausen,Berlin
97498ce80361,28326,Siegen,Bremen
344ab744ddeb,43536,Ebersberg,Hamburg
02d7fcf7b78d,13975,Dachau,Mecklenburg-Vorpommern
7aa777e66795,62053,Waren,Sachsen-Anhalt
52c6914ee471,29142,Grimma,Berlin
b9ad68fbc78c,27881,Kassel,Baden-Württemberg
32a0146486a6,30385,München,Schleswig-Holstein
a3bd3f59a6c4,38655,Neunburg vorm Wald,Baden-Württemberg
723a77d2c86b,17773,Stade,Sachsen-Anhalt
3edb3b945be0,28699,Weißwasser,Nordrhein-Westfalen
d45ab1001715,99136,Deggendorf,Brandenburg
27af6e4e317b,17298,Sömmerda,Sachsen-Anhalt
f047058cc75d,73149,Grevenbroich,Hessen
26371d676dab,94486,Schrobenhausen,Niedersachsen
9b6eada5ad31,21386,Quedlinburg,Bayern
c4b7b6daa6a5,90669,Waren,Bayern
e99680c88a42,02146,Strausberg,Sachsen
9e8f9de7c0a2,69042,Ochsenfurt,Brandenburg
b298bc334963,71416,Säckingen,Mecklenburg-Vorpommern
315eb586efc1,53942,Northeim,Hessen
cd2c51f526bd,75957,Neustrelitz,Hamburg
1f1114afaac5,50036,Hildesheim,Saarland
0b4881f54699,56472,Rockenhausen,Mecklenburg-Vorpommern
e61839c34145,88574,Regen,Bayern
9d1af1dcda64,50615,Roding,Hamburg
69ccd9caa9d8,11253,Hersbruck,Nordrhein-Westfalen
04c68ecc66da,41326,Brilon,Berlin
7bac92bd3853,82005,Nauen,Schleswig-Holstein
f94a26a4bbdd,57831,Hechingen,Saarland
1c19c7c40810,40649,Altötting,Saarland
635719a9bacb,48463,Emmendingen,Bremen
ff8581d6b50d,21442,Wesel,Baden-Württemberg
063b9654188d,20461,Eisleben,Hessen
e9998eed1eb2,76452,Wolfenbüttel,Brandenburg
a8023688433d,30097,Kitzingen,Berlin
897da0ff1fdc,65240,Vohenstrauß,Schleswig-Holstein
b77ee237a99d,82744,Mettmann,Baden-Württemberg
6cd541597068,51181,Darmstadt,Hamburg
be09470a4786,91037,Mühlhausen,Bayern
ec8528237f6f,81138,Erkelenz,Hessen
33b5c19fea3c,86852,Jessen,Rheinland-Pfalz
b0693dcc41cf,77600,Sankt Goar,Baden-Württemberg
e0ff769390ed,34419,Ribnitz-Damgarten,Hessen
619e59062a45,56613,Siegen,Sachsen
1b95f3d81212,36462,Husum,Berlin
17ec06c1973a,31465,Calw,Sachsen-Anhalt
fe9338be754e,35211,Gifhorn,Bremen
35664c9c3f85,92069,Greiz,Hamburg
8e420eca93a9,68157,Erding,Hessen
1c5088deb9cd,43840,Kyritz,Baden-Württemberg
2be4c3284cdd,82329,Dessau,Nordrhein-Westfalen
808c1ac11a02,64742,Büsingen am Hochrhein,Bremen
10f3d78de149,52677,Eberswalde,Hessen
4e2191176290,09656,Parchim,Brandenburg
1e042ef1af97,26490,Monschau,Schleswig-Holstein
fb13defe48b3,14521,Celle,Schleswig-Holstein
c9971add6108,92222,Lüdenscheid,Nordrhein-Westfalen
e6fdc640101d,78097,Fürstenwalde,Thüringen
39e26850347f,20994,Brand,Bayern
86f6d149b736,61681,Nabburg,Bremen
1aa279e94dde,95489,Darmstadt,Thüringen
512d5c87257e,58303,Greiz,Berlin
b0ba10a7453d,55770,Neunburg vorm Wald,Bremen
51aacee5186d,51240,Klötze,Hamburg
1824d85429cb,15031,Ochsenfurt,Baden-Württemberg
b4429a4861f6,81040,Holzminden,Schleswig-Holstein
61723dab929d,71422,Celle,Baden-Württemberg
9078aa170458,70160,Main-Höchst,Sachsen
91b12e4eb82c,71747,Gelnhausen,Mecklenburg-Vorpommern
dbd09bd846af,45992,Luckenwalde,Brandenburg
41179d641cf8,61539,Marienberg,Rheinland-Pfalz
feef92a6ed83,96570,Fürstenwalde,Bremen
582d0ec0ec5c,19098,Dachau,Nordrhein-Westfalen
56099f469c26,66683,Nauen,Bremen
c0c7cd7f522c,62126,Uffenheim,Sachsen-Anhalt
44b2ea3c07ba,00975,Rostock,Thüringen
3e16d8c02f6b,58077,Rochlitz,Rheinland-Pfalz
afe6017571c8,47128,Görlitz,Niedersachsen
809f89f73fa5,80512,Norden,Sachsen-Anhalt
5d6484f28822,67478,Konstanz,Sachsen
13a10a499400,69454,Burg,Niedersachsen
fe658e70891a,10618,Tirschenreuth,Schleswig-Holstein
d1e81688058a,69212,Haldensleben,Schleswig-Holstein
b4dc1ff25a7d,44271,Finsterwalde,Sachsen
d1955254241e,19470,Dresden,Baden-Württemberg
c4c7cda08897,06719,Holzminden,Nordrhein-Westfalen
23c746589c26,63461,Neustadt am Rübenberge,Berlin
7ca846a3515b,00505,Luckenwalde,Brandenburg
8ed36ba577d5,32020,Bruchsal,Schleswig-Holstein
1f609003020d,53092,Belzig,Brandenburg
efa214a349d0,96207,Altötting,Baden-Württemberg
7f8781b8de7f,92791,Iserlohn,Sachsen-Anhalt
65fa4460f4d3,77220,Spremberg,Saarland
11a94b5eb3d0,13799,Lüdenscheid,Hessen
db960f60908f,62397,Kyritz,Saarland
ef7ef29dcedd,76253,Schleiz,Hamburg
182a643a7a92,35693,Rochlitz,Baden-Württemberg
b2cebf22574d,32543,Apolda,Thüringen
e4b1c9add3b5,01658,Hamburg,Sachsen-Anhalt
77a71aa76122,57905,Eisenach,Berlin
0090a09fd83c,55778,München,Nordrhein-Westfalen
9d55669ec3db,12723,Haldensleben,Sachsen-Anhalt
695df20c0897,98877,Reutlingen,Bremen
4db113b958f0,22223,Bad Langensalza,Rheinland-Pfalz
07f7801b3ed6,10672,Herzberg,Bremen
50280c41c734,81406,Mellrichstadt,Saarland
5ba481d9f495,59980,Lichtenfels,Bremen
116bc32d28bc,66299,Dinkelsbühl,Hessen
3760c4b579a5,92326,Rastatt,Thüringen
adf537b0256d,30147,Sankt Goarshausen,Saarland
f2120a709999,72520,Kamenz,Sachsen-Anhalt
4086cd585ed6,89520,Paderborn,Nordrhein-Westfalen
e5e92df1e0aa,12075,Tübingen,Saarland
0945de0f2c0f,61107,Bad Langensalza,Hessen
97d6492e940c,25012,Rosenheim,Saarland
1a362e3b8d84,38759,Meiningen,Brandenburg
490609fe3e65,54801,Niesky,Brandenburg
ecc4061a6b57,07167,Coburg,Bremen
c729e129bdce,74994,Jüterbog,Thüringen
9d5f179198bf,70269,Döbeln,Nordrhein-Westfalen
c957b337cc41,06167,Klötze,Schleswig-Holstein
ce34abcdc162,78280,Grimma,Thüringen
b50fdc718ebc,16556,Bautzen,Mecklenburg-Vorpommern
ce1cd38c362f,07905,Riesa,Sachsen
38424fe833d6,37183,Grimmen,Bayern
9e4cc83219db,84685,Lübeck,Sachsen
1f44f5258dc4,48969,Parsberg,Hessen
19c154538a8f,42493,Gerolzhofen,Brandenburg
dbc7a3810588,07001,Scheinfeld,Nordrhein-Westfalen
6e611f8bb26b,71391,Hohenmölsen,Sachsen
1da2036bf2d8,73425,Weimar,Saarland
307e6b240c8c,76064,Bremen,Mecklenburg-Vorpommern
e342bb1a776b,48156,Mettmann,Baden-Württemberg
c34ae14ba20f,23829,Herzberg,Schleswig-Holstein
21aede179a18,89317,Grimma,Hamburg
3903bc4ea31b,77133,Groß-Gerau,Nordrhein-Westfalen
b71b3ef9f857,97359,Borna,Baden-Württemberg
43bfec19acbc,37599,Altentreptow,Niedersachsen
c24d64f49c94,86241,Bad Liebenwerda,Bremen
b6c409f8788c,20320,Griesbach Rottal,Hamburg
a7993303b392,42284,Roth,Baden-Württemberg
faddb82d1ed3,52017,Mettmann,Niedersachsen
40d2dfa1b3e7,89616,Eisenhüttenstadt,Mecklenburg-Vorpommern
cd294a56e965,15837,Kyritz,Thüringen
d145218f85d8,73278,Hainichen,Schleswig-Holstein
2f42f3d8eb53,86617,Jülich,Niedersachsen
295bc6b838da,45977,Hünfeld,Hamburg
cdd0acc5960e,49956,Brand,Bremen
9ac16b47a843,72760,Eggenfelden,Bremen
953c25151831,16679,Bad Freienwalde,Thüringen
677a08e61352,17957,Artern,Hamburg
d746c1ddc650,72934,Strasburg,Thüringen
d92233347019,45228,Belzig,Rheinland-Pfalz
62fbd97da58e,28910,Miltenberg,Brandenburg
88dbab0e54b2,12552,Flöha,Schleswig-Holstein
2fdbd1a9022b,86326,Ludwigslust,Schleswig-Holstein
29af765e49d1,29084,Lobenstein,Nordrhein-Westfalen
98eece5c9037,63410,Königs Wusterhausen,Bremen
02427afe83a0,05485,Badalzungen,Brandenburg
7c91be984130,58935,Burg,Bremen
5e05d08a8631,49767,Wiedenbrück,Sachsen-Anhalt
f02966fbdc92,11594,Parsberg,Bremen
3ee8ae422892,32701,Bergzabern,Bayern
a7ee55779da2,99663,Höxter,Bayern
bfbb609be506,78018,Arnstadt,Niedersachsen
582fb1eed8db,85641,Burg,Hamburg
15ce055c280c,15265,Klötze,Brandenburg
5f4d71e13498,63048,Gotha,Bremen
b94e4dac052d,07942,Beeskow,Thüringen
657f7140d89d,12846,Schongau,Rheinland-Pfalz
edeb51cf4ea1,02687,Pirmasens,Berlin
c46a919923c8,53703,Zerbst,Niedersachsen
7bbae4c13c58,98728,Steinfurt,Hamburg
419537955820,87060,Mallersdorf,Sachsen-Anhalt
c2df022e67a3,19036,Grafenau,Hessen
e6e300a6bed0,05831,Zschopau,Brandenburg
836e5c18feff,08046,Bruchsal,Sachsen-Anhalt
4cf18262fe4e,93110,Saarlouis,Hessen
0ca7b2b39990,49822,Heiligenstadt,Rheinland-Pfalz
b30dde1c0c5a,79599,Schwandorf,Nordrhein-Westfalen
33dc0a6fcf6b,56362,Karlsruhe,Baden-Württemberg
79eb57c262b2,25832,Aschaffenburg,Hamburg
93b0a87d8f34,11223,Perleberg,Sachsen
64470c154a9e,31791,Olpe,Sachsen
0bb12f59fd75,33736,Havelberg,Sachsen-Anhalt
8de816b8e242,67766,Nordhausen,Rheinland-Pfalz
ec45b49dae81,11508,Holzminden,Hessen
17fb39050eb0,63337,Osterode am Harz,Schleswig-Holstein
cfcb6acdefc1,92407,Höxter,Mecklenburg-Vorpommern
f366585846eb,59999,Kronach,Hessen
8bf6259d1423,97023,Kusel,Nordrhein-Westfalen
8d7552eb62a6,71632,Heiligenstadt,Sachsen-Anhalt
77c5cc0f7ae8,85977,Rockenhausen,Bayern
a5c98f280d1f,76291,Vechta,Bayern
8c24a506c11e,85672,Freising,Bayern
4a5cfe839248,77711,Warendorf,Schleswig-Holstein
4f648875299c,42752,Warendorf,Bayern
a788d39efb30,33106,Ansbach,Rheinland-Pfalz
f86b972e587c,93866,Gelnhausen,Hessen
fbf122d940e4,13649,Burglengenfeld,Hamburg
654a8248ac1b,68389,Genthin,Baden-Württemberg
44d327dbbe72,30397,Delitzsch,Niedersachsen
455e6f972248,39685,Meißen,Baden-Württemberg
6323534375f5,42336,Schlüchtern,Mecklenburg-Vorpommern
00aab29cebe7,68962,Artern,Sachsen
45a20b0f920a,52732,Altentreptow,Baden-Württemberg
57fe51e4f453,69236,Wolmirstedt,Saarland
571f0605d00e,43992,Chemnitz,Berlin
a09934c5e7c7,94611,Dinkelsbühl,Niedersachsen
8491090b660e,25223,Emmendingen,Brandenburg
294350c9a8bc,16141,Aurich,Mecklenburg-Vorpommern
b9a8cd3edce6,75965,Teterow,Rheinland-Pfalz
65e0a6c5bce6,20918,Viechtach,Mecklenburg-Vorpommern
7dd1c91fd74e,69156,Steinfurt,Brandenburg
12647114a0f8,33211,Weimar,Baden-Württemberg
a0fb09d931e8,66863,Grevesmühlen,Brandenburg
8a8feb40235e,98366,Kassel,Bremen
6f7ddd041dec,48149,Senftenberg,Hessen
6286963288a7,86567,Wurzen,Sachsen
cfd276367a24,29277,Dinslaken,Hessen
f60a0483a6ab,20185,Dresden,Sachsen
4f4020b1fffb,75011,Cottbus,Thüringen
e70e2b8716ad,51826,Leipziger Land,Thüringen
72a8fc4b3f4b,10293,Brand,Niedersachsen
4c8539d04486,97585,Tuttlingen,Brandenburg
eefb36acc47f,,Greiz,Sachsen-Anhalt
974d23a2f0a4,14181,Berchtesgaden,Rheinland-Pfalz
3c39f0cef709,97185,Querfurt,Niedersachsen
1003cd80e129,08222,Reutlingen,Niedersachsen
5bdcbeb00ad0,41465,Siegen,Berlin
c407a7bcfaf0,77881,Ansbach,Hessen
4491d799a963,06762,Calw,Rheinland-Pfalz
a871859dbae3,79705,Schwandorf,Schleswig-Holstein
c1e7e0988611,18826,Neustadt am Rübenberge,Baden-Württemberg
fd7902f1976a,22560,Wanzleben,Hessen
a53456968de8,25686,Calau,Brandenburg
801e3483ff30,44716,Schwarzenberg,Bremen
6e42767fcc55,12604,Dinslaken,Sachsen-Anhalt
72173b5230f1,14545,Gotha,Rheinland-Pfalz
0dc43ad19079,75541,Strausberg,Baden-Württemberg
180277d9bac3,91093,Vilsbiburg,Schleswig-Holstein
6c64f068b9cd,71617,Pasewalk,Baden-Württemberg
ab5a82deb9ec,86694,Erbisdorf,Baden-Württemberg
f8a89c4399b2,30834,Soltau,Bremen
6638982ac981,69450,Jüterbog,Mecklenburg-Vorpommern
130ce3637d55,96273,Kelheim,Bremen
897ca07ed74a,93121,Goslar,Schleswig-Holstein
a0c275e24da4,31429,Amberg,Brandenburg
17ac3876fd87,81001,Burglengenfeld,Sachsen-Anhalt
21e550fd7f03,13145,Schwandorf,Rheinland-Pfalz
852136f15af9,51475,Waren,Berlin
44b24c4b5ccd,52265,Norden,Sachsen-Anhalt
c38ac70a78b8,96893,Gera,Saarland
9a1e75b4505b,33302,Uffenheim,Bremen
82d6069e85e3,21310,Dresden,Hamburg
d1b78d8532ed,82066,Rastatt,Niedersachsen
48b014d38a4c,28917,Helmstedt,Sachsen
b79a09ffa2d1,28113,Wurzen,Nordrhein-Westfalen
b9c4e82cda9e,68356,Darmstadt,Brandenburg
a3e6026be7de,27113,Tecklenburg,Bremen
b3c3587560fe,29710,Heiligenstadt,Berlin
be656dd918f8,72197,Kassel,Nordrhein-Westfalen
a0a5027f3593,09038,Düren,Brandenburg
1873ed8a8f12,63651,Illertissen,Thüringen
fbd94c946403,56730,Aschaffenburg,Sachsen-Anhalt
25185671a9c4,01654,Feuchtwangen,Saarland
4156cfc49b85,50272,Hersbruck,Brandenburg
1d535cf02561,53390,Kassel,Baden-Württemberg
051af2f8dccc,27652,Potsdam,Sachsen-Anhalt
0dec90d9822f,17981,Nürtingen,Bayern
3d1f19e70883,38444,Lübeck,Mecklenburg-Vorpommern
fabeea9a1268,39609,Dachau,Sachsen
1dc1bf598d53,31106,Sebnitz,Bremen
977a97380535,83640,Borken,Bremen
4061551d8f3a,36170,Bersenbrück,Thüringen
9582264a8797,55799,Ebern,Niedersachsen
d67053ea193a,24473,Iserlohn,Nordrhein-Westfalen
7e90cd9f8a38,67694,Schwerin,Brandenburg
ab6da4d8621c,01256,Kaiserslautern,Mecklenburg-Vorpommern
4d14f0447871,64938,Burglengenfeld,Niedersachsen
819426776d5c,04611,Eilenburg,Rheinland-Pfalz
2fef302aa48d,17164,Hersbruck,Saarland
175db0f629fd,30021,Tuttlingen,Sachsen-Anhalt
72ba3369b331,42297,Cuxhaven,Rheinland-Pfalz
e122976f0144,14415,Steinfurt,Hessen
395e85ac7d33,47281,Füssen,Saarland
c3a3122f53f0,11307,Groß-Gerau,Baden-Württemberg
242b1720dbc7,74510,Wiedenbrück,Sachsen-Anhalt
e9ee57ea2321,31009,Gerolzhofen,Berlin
1d38108d4d5d,01289,Wittstock,Nordrhein-Westfalen
a03a0cec9f71,09579,Neustadtner Waldnaab,Mecklenburg-Vorpommern
af6695e50e2e,74570,Hannoversch Münden,Rheinland-Pfalz
cf4764400f03,36148,Passau,Hamburg
09ce957146a0,91679,Hagenow,Brandenburg
fccc234064ac,03491,Neustadtner Waldnaab,Nordrhein-Westfalen
9d45a3a0da7a,69143,Naila,Saarland
49cbf96867ec,68344,Hammelburg,Schleswig-Holstein
d5fe73e963ba,70806,Wunsiedel,Bremen
40ab188bca4c,01041,Sangerhausen,Brandenburg
3eac244b5089,07931,Aachen,Bremen
82596d07353f,23849,Staßfurt,Brandenburg
c061d6ecb41c,97546,Vechta,Brandenburg
6a10969653f7,40258,Iserlohn,Sachsen
686dcba1686e,76792,Darmstadt,Rheinland-Pfalz
4c9893856dd5,26610,Celle,Bayern
9bf8bb92f6f0,33268,Brand,Baden-Württemberg
2bd40d93ecb6,59821,Main-Höchst,Sachsen
ef210ff5a697,51241,Paderborn,Nordrhein-Westfalen
5fa3180aa5f5,03719,Ingolstadt,Berlin
2cb552c3de87,00038,Teterow,Baden-Württemberg
c29a8cd01fe7,33190,Lübben,Bayern
9b0b439a8f79,93429,Neubrandenburg,Brandenburg
1342a927b8b4,58810,Lörrach,Thüringen
5dd4c4cf4b04,10704,Rudolstadt,Sachsen
a2f29650a4e0,33626,Stendal,Nordrhein-Westfalen
1a51759ef465,86487,Rochlitz,Niedersachsen
fcd72e8ec79d,94544,Crailsheim,Nordrhein-Westfalen
2463236366e8,49851,Eisleben,Niedersachsen
3e00f34a1b6c,95083,Warendorf,Niedersachsen
b86221f2a7ca,35956,Sondershausen,Sachsen-Anhalt
cd8b0209443f,04290,Schmölln,Hessen
7d378c11ec5f,81809,Steinfurt,Schleswig-Holstein
cd2b612e83a2,51588,Karlsruhe,Thüringen
d203bb5d702c,82973,Mettmann,Baden-Württemberg
de5995b0f460,65268,Waren,Nordrhein-Westfalen
25afb81b53f9,98120,Sulzbach-Rosenberg,Schleswig-Holstein
81eab3379b56,52203,Paderborn,Niedersachsen
a5db8e85ae4a,,Augsburg,Bayern
deed6cfd4550,74124,Jülich,Berlin
0edb747c7064,80032,Füssen,Hessen
6cad594cb7a1,20649,Senftenberg,Mecklenburg-Vorpommern
e6638b0be48a,41314,Mellrichstadt,Rheinland-Pfalz
6bdb39cf3875,44836,Regen,Rheinland-Pfalz
fe2dfe5b7805,04763,Pinneberg,Hessen
20e4c8f9f7e6,58328,Weißenfels,Mecklenburg-Vorpommern
10026dbd2d64,,Senftenberg,Mecklenburg-Vorpommern
8637e6be643e,00892,Wittenberg,Sachsen
d33a78d74e4f,61368,Neuruppin,Nordrhein-Westfalen
8afbf7870b9f,21182,Neustadtner Waldnaab,Mecklenburg-Vorpommern
c5c12a05c748,05996,Großenhain,Hessen
b56320997ee9,81237,Bad Kissingen,Sachsen-Anhalt
6449d9ef9de5,95922,Parsberg,Hessen
c72f9f914f18,22710,Viersen,Hessen
1cb1e517ce99,69459,Greiz,Hessen
a8ea3b6635e5,99949,Freital,Hamburg
2cbe3b1bcb0f,67548,Gießen,Sachsen
223915c64e82,74186,Eisenhüttenstadt,Baden-Württemberg
8eeb91c26b66,58309,Hohenmölsen,Brandenburg
52be2b8bf72e,79772,Wolgast,Brandenburg
364454046f73,39055,Rottweil,Saarland
b5cf574c72bc,04938,Einbeck,Baden-Württemberg
ff53055637c2,59020,Soest,Saarland
687ee6fc678e,33432,Grevesmühlen,Schleswig-Holstein
e439487339f5,54358,Bremen,Hessen
2bf1b69dc216,15026,Hoyerswerda,Rheinland-Pfalz
42f746bc7720,45957,Hannover,Bayern
c5dd3a786081,14257,Eckernförde,Schleswig-Holstein
1c5539ac3471,85072,Burgdorf,Thüringen
576f367a6dd6,96815,Strausberg,Baden-Württemberg
034194b44a36,15626,Güstrow,Nordrhein-Westfalen
c4a39151ab7a,52986,Angermünde,Thüringen
625a58a0970a,86120,Waldmünchen,Niedersachsen
4521cef0af7b,54084,Haldensleben,Saarland
140a54e27a67,27645,Tuttlingen,Mecklenburg-Vorpommern
ef585dfe39ff,60241,Chemnitz,Hessen
a0fba1a80fbc,24406,Arnstadt,Sachsen-Anhalt
683091b0c9f2,78055,Ingolstadt,Schleswig-Holstein
c7607c20e1b6,13854,Wolmirstedt,Rheinland-Pfalz
39248ddf5d80,36826,Bruchsal,Sachsen
bbd2ef18044f,15888,Garmisch-Partenkirchen,Sachsen
640a49a29fe1,63093,Schongau,Berlin
747571f443d9,27532,Waren,Hessen
f50a415590f0,95237,Altötting,Bayern
ecc92ca07f24,05687,Crailsheim,Brandenburg
e0d2dd604c94,77345,Tuttlingen,Schleswig-Holstein
749ff7edced9,29477,Düren,Bremen
ea7252c335f0,52985,Koblenz,Thüringen
77b851aa0932,57790,Witzenhausen,Hessen
217fb6888b3e,34233,Eisenberg,Bayern
9759761fbaf6,18051,Neu-Ulm,Brandenburg
cd71aeb76816,99704,Saulgau,Niedersachsen
4852f5188b47,70587,Eberswalde,Hamburg
3f8846b8d9ae,14939,Hildburghausen,Hamburg
bcea4943f5ed,74524,Wesel,Saarland
2a4b55dff999,34450,Main-Höchst,Sachsen
7c129bcbaf79,67349,Beeskow,Brandenburg
28e03e79c223,29493,Mayen,Mecklenburg-Vorpommern
0763c47e87fa,73755,Säckingen,Niedersachsen
7d13cf616dd9,09608,Pirmasens,Thüringen
3deb8e72056c,16477,Stadtsteinach,Rheinland-Pfalz
3f37d071d051,56243,Perleberg,Schleswig-Holstein
2eb2c33bf712,28515,Geldern,Hessen
ab0fde7e9e0e,60776,Forst,Sachsen
c0186f5bc743,85748,Miesbach,Baden-Württemberg
9e1ffe3cd527,50232,Dachau,Bremen
89592b8f6d10,25120,Forchheim,Nordrhein-Westfalen
05b23c8b13d0,98221,Iserlohn,Mecklenburg-Vorpommern
7f89f7c20bec,74258,Schwabmünchen,Brandenburg
01e26e099605,33424,Wanzleben,Schleswig-Holstein
a50ae801e10b,26509,Neuruppin,Saarland
d937e7e8d3dc,24578,Sternberg,Brandenburg
181e7a971de3,25476,Oberviechtach,Hamburg
4a5d98f6b886,85838,Kleve,Hamburg
59c230b0a5fb,68677,Demmin,Nordrhein-Westfalen
f1f3d239b22b,69335,Garmisch-Partenkirchen,Niedersachsen
6d21c5ea8f42,97374,Potsdam,Schleswig-Holstein
06e2f5f3cece,19953,Viersen,Sachsen-Anhalt
b21c28b39f88,17397,Saarbrücken,Sachsen-Anhalt
1b26cbe1582a,13599,Leipziger Land,Bayern
9124aad31df2,05146,Wetzlar,Schleswig-Holstein
c66f5250ffc3,65271,Jessen,Mecklenburg-Vorpommern
229ff9dd7ffe,55752,Hildburghausen,Baden-Württemberg
fc756d4ad507,96425,Lichtenfels,Bremen
1469f2d2a8c9,33373,Anklam,Nordrhein-Westfalen
77f5e7c90479,46553,Plauen,Saarland
512edac15cb6,83749,Mittweida,Schleswig-Holstein
15fc50238f91,94097,Vilsbiburg,Bremen
663295ff7da6,19186,Wismar,Hessen
4f98a6145166,72521,Jülich,Hamburg
b51224cb0170,84090,Teterow,Saarland
05cc3be2fee8,83512,Rochlitz,Hamburg
a70c9987374c,17392,Mettmann,Sachsen
1009001add0e,58998,Wurzen,Hessen
cac190493a6d,15879,Havelberg,Thüringen
fd4c61edccfc,04635,Tirschenreuth,Sachsen-Anhalt
e87ccbf56f42,63140,Steinfurt,Rheinland-Pfalz
194874bc22cc,60666,Erkelenz,Thüringen
9fcffad07fda,28524,Güstrow,Nordrhein-Westfalen
6fffa85e67a1,11306,Borken,Berlin
007b3c52d374,42573,Kötzting,Sachsen
5bd74e894eab,82285,Calw,Berlin
2493564c4baa,91309,Artern,Thüringen
dde2a1a9d5df,32426,Ebersberg,Saarland
6a5a0702f324,77675,Hildesheim,Sachsen
1b3ba607254b,62718,Hannover,Sachsen-Anhalt
1342de996668,69326,Mühlhausen,Mecklenburg-Vorpommern
5dd7c75864a7,23415,Roth,Schleswig-Holstein
f6cc1089a080,43127,Wunsiedel,Bayern
1cb9049a7608,51512,Schwäbisch Gmünd,Nordrhein-Westfalen
13d2e75f5e4c,25438,Parchim,Baden-Württemberg
9dbcd922c347,,Hannoversch Münden,Sachsen
fb5a43004a03,54837,Groß-Gerau,Berlin
d649221985e2,00591,Roth,Schleswig-Holstein
d649fbca3585,33016,Schwäbisch Hall,Hessen
2b991b6c3353,34289,Viechtach,Brandenburg
5e8451fe3696,53804,Wunsiedel,Hamburg
4f4523c8395a,94575,Kemnath,Thüringen
bba0303a4f1e,72266,Dieburg,Rheinland-Pfalz
faa2f6f03cc1,24530,Kötzting,Hamburg
8cf348161471,15794,Gera,Thüringen
95d6261eb033,,Mellrichstadt,Saarland
81140dea1830,37970,Oranienburg,Brandenburg
0f0e0d0ddd58,73305,Schweinfurt,Thüringen
f7482307e4e1,88436,Viechtach,Baden-Württemberg
e45c7aa60886,14743,Güstrow,Hamburg
e5900af4dbd0,62590,Hildburghausen,Bayern
e181ef26b77f,65176,Pasewalk,Sachsen-Anhalt
4caf20248c79,03700,Zerbst,Mecklenburg-Vorpommern
f23d982e04cd,39033,Altötting,Saarland
ee22a2bd14a5,53546,Stadtsteinach,Nordrhein-Westfalen
e05e68fad718,70394,Oranienburg,Baden-Württemberg
f50fb042f3c9,89431,Aachen,Baden-Württemberg
673d27f582ed,60401,Diepholz,Niedersachsen
ab4f462f398f,12316,Aurich,Bayern
910f11049def,04337,Stadtroda,Bayern
9d7e2c193c78,58825,Ludwigsburg,Hamburg
7258cc2bbd49,77820,Ochsenfurt,Bremen
cdf50ee19459,81904,Wittstock,Mecklenburg-Vorpommern
18961c2b26b0,23081,Dinkelsbühl,Berlin
d8c6eb9296b5,11471,Kaiserslautern,Sachsen
90afb8c8cd4d,75504,Kulmbach,Brandenburg
3a4982af4066,17653,Bad Brückenau,Rheinland-Pfalz
b3cd19da7738,18274,Pinneberg,Bayern
0e29f3ef6c8e,37730,Wolfenbüttel,Hamburg
7515db680360,,Kehl,Sachsen-Anhalt
0b2cf2585cf2,45768,Dessau,Brandenburg
d603cad7b19e,33242,Angermünde,Saarland
204dcf7a5e26,73126,Dinslaken,Bremen
22583b4a1b25,05603,Kötzting,Schleswig-Holstein
c1a8ccf1ada0,81205,Leipziger Land,Niedersachsen
1aab35a976b4,58891,Seelow,Niedersachsen
fbfe8cce73de,39243,Waren,Rheinland-Pfalz
d1c30d00d274,74978,Dinslaken,Niedersachsen
697c1ac3f17c,34067,Nauen,Sachsen-Anhalt
a87472edbf2f,30900,Husum,Niedersachsen
00d613b41c49,32638,Ebersberg,Berlin
56038220416e,34699,Mellrichstadt,Hessen
091f24ee1b41,85507,Meißen,Hessen
d451b4fe0223,43697,Torgau,Mecklenburg-Vorpommern
07a15cd7310f,64534,Griesbach Rottal,Thüringen
33c93562f478,41847,Haldensleben,Bremen
b8710bcabf47,48762,Apolda,Hessen
0c686f54405d,,Nördlingen,Bayern
49b1338338e7,16204,Pegnitz,Thüringen
ab21903e68c6,20319,Hammelburg,Brandenburg
f247903e701b,63203,Greifswald,Thüringen
f04a1851f388,57661,Jülich,Thüringen
637b31314b2c,85076,Schrobenhausen,Schleswig-Holstein
f4ed782b83c8,26574,Diepholz,Hessen
0907e2f4a507,68943,Berchtesgaden,Hamburg
feccdff69e1e,95749,Senftenberg,Rheinland-Pfalz
beeaa327b024,94412,Füssen,Mecklenburg-Vorpommern
4705fbb31f62,06662,Naila,Baden-Württemberg
d590578f636c,39252,Saarlouis,Sachsen
9cc2ce1d1e58,02455,Bad Kreuznach,Hamburg
8716ef4cd079,94217,Ebermannstadt,Brandenburg
dde028e0863e,34533,Dresden,Bremen
5a8903a18ef6,61894,Naila,Bayern
4c88a13112dc,56592,Eckernförde,Niedersachsen
5cd8ccb79288,59550,Neuruppin,Hessen
ff522d29d602,87045,Ludwigsburg,Berlin
817685a6fc07,64083,Gadebusch,Schleswig-Holstein
d052d3dc4806,88413,Regen,Rheinland-Pfalz
5ef107801f3f,44626,Wetzlar,Hamburg
873ac5b3a73f,51887,Neunburg vorm Wald,Niedersachsen
51c83192482c,52883,Wurzen,Saarland
22eb96eb9c82,65530,Merseburg,Hessen
ef8c2437deb7,12198,Saarlouis,Bremen
8b96560757d0,42462,Hünfeld,Sachsen-Anhalt
989608d8299d,28991,Celle,Brandenburg
872e17e7a5a1,89848,Burgdorf,Sachsen
d8c4bb416eba,07568,Grimmen,Hamburg
653ad0b2bb63,84937,Beeskow,Sachsen-Anhalt
5f9c0ffcc92e,64970,Luckenwalde,Hessen
53e714819d6b,34190,Weißenfels,Brandenburg
87ba76f5d6ea,32365,Stollberg,Mecklenburg-Vorpommern
a86478876429,42442,Ansbach,Thüringen
637ccb709f55,03763,Calau,Niedersachsen
0e115f6fca4f,38998,Sebnitz,Thüringen
3cb282702fbe,49369,Bruchsal,Sachsen
61e80c53c02e,19236,Forchheim,Schleswig-Holstein
8807a57da3fe,96149,Freital,Berlin
e6067ab49e7c,51189,Rockenhausen,Niedersachsen
aa5efdd3f798,22302,Freital,Hessen
d0f9e20b6ac8,76025,Perleberg,Hamburg
e526f66f6c08,72989,Melsungen,Sachsen-Anhalt
6e6fed191789,38187,Stadtroda,Bremen
09ced3b306bc,44582,Bad Liebenwerda,Sachsen-Anhalt
4d0b23799439,45000,Stollberg,Baden-Württemberg
9c3c032efe68,09025,Konstanz,Brandenburg
2f94e3143891,89056,Bad Kreuznach,Sachsen-Anhalt
eff7c49b7f80,82669,Gera,Sachsen-Anhalt
c4994b8ec859,70633,Scheinfeld,Schleswig-Holstein
e04a43e94370,44287,Grafenau,Hessen
bcece21f6f55,64203,Wurzen,Bremen
9d62b602ed33,54026,Werdau,Saarland
2d0708df16d8,31538,Göppingen,Rheinland-Pfalz
0297a5f73d32,33353,Rottweil,Rheinland-Pfalz
2bd03759e5df,91373,Luckenwalde,Rheinland-Pfalz
27a4a8527b3f,02300,Hoyerswerda,Sachsen-Anhalt
246c8c07d731,93659,Delitzsch,Bayern
3435d4a9da90,,Fürstenfeldbruck,Bremen
8bf6d58effba,05053,Lemgo,Sachsen-Anhalt
d0fbc5dd9ca1,56691,Kusel,Bremen
3a1afaed4133,,Zossen,Bremen
0963f40945fa,60335,Bamberg,Brandenburg
04eb0af0dfe9,69996,Staßfurt,Nordrhein-Westfalen
a5598237eef7,99323,Erbisdorf,Mecklenburg-Vorpommern
27b8a7474688,26176,Sondershausen,Schleswig-Holstein
0b3c813eeb53,56129,Hünfeld,Baden-Württemberg
5bba74e19cfd,30876,Suhl,Bremen
07253018c7d0,02730,Strasburg,Sachsen-Anhalt
00f726c75673,94149,Wittmund,Rheinland-Pfalz
d49f40336e61,40777,Kötzting,Hamburg
dde3f5369231,02991,Aschaffenburg,Sachsen
3dd5fa92ff54,78170,Eckernförde,Brandenburg
34b02b0d1fdb,61337,Strasburg,Nordrhein-Westfalen
daef63bdd6d2,44037,Teterow,Niedersachsen
06726ca8eb1e,79821,Griesbach Rottal,Sachsen-Anhalt
48a9611b448a,60539,Wittstock,Baden-Württemberg
84ba34358ea2,50682,Steinfurt,Hamburg
7fbf9204dbdb,82192,Reutlingen,Sachsen
54b4b35409c9,93869,Ochsenfurt,Nordrhein-Westfalen
868c311e5e64,38676,Fallingbostel,Hamburg
4d2adee0b81e,22589,Niesky,Bayern
3acc52377c82,69579,Aurich,Brandenburg
a8c66f9f711d,25942,Siegen,Bremen
4b1152688331,85725,Eggenfelden,Hamburg
7625e625a334,78468,Apolda,Rheinland-Pfalz
d91432e1f153,93401,Freital,Sachsen
000f6f3e3d8a,36750,Schweinfurt,Niedersachsen
f2bd2fe964a2,80927,Guben,Saarland
13dd794265e4,44227,Oranienburg,Rheinland-Pfalz
1ee7c2736a4b,65020,Bad Langensalza,Bremen
78a2938173f2,57083,Rathenow,Hamburg
2bf6c29e438f,74620,Kehl,Hamburg
d7502d19f435,06018,Lübeck,Niedersachsen
3058782babb7,45847,Konstanz,Bremen
cedbdcb96040,71721,Torgau,Hessen
2251a199048c,91438,Germersheim,Hamburg
607b5a84e9cc,77326,Gotha,Baden-Württemberg
49b5de66f141,20539,Zerbst,Thüringen
49067f21850d,08320,Grimmen,Thüringen
35d823e07c4d,04436,Rochlitz,Rheinland-Pfalz
69c7f59f0b65,43748,Bayreuth,Hessen
17e80f1d2699,13217,Mühldorf am Inn,Bremen
9786d6defc23,25873,Schwerin,Hessen
18f1ff84c0f0,42114,Ravensburg,Sachsen
0af3a7a56720,99529,Apolda,Brandenburg
bb3934db10be,20270,Crailsheim,Saarland
0c73a19e96cc,63224,Illertissen,Rheinland-Pfalz
8c62b2defcd9,67975,Hechingen,Berlin
4d24d8dae4d2,60108,Cloppenburg,Brandenburg
06ef72d7f8cf,80808,Wesel,Saarland
38e3977abee1,07351,Hagenow,Saarland
6c32c594f20c,76694,Aurich,Hessen
33ee35eb843e,15918,Dessau,Thüringen
46530cc46f49,07977,Greifswald,Bayern
831786676e1c,49980,Stade,Thüringen
77ead94e02c3,16612,Neuss,Nordrhein-Westfalen
c44512e2acc8,14262,Fulda,Schleswig-Holstein
f27d94e49727,81359,Donaueschingen,Brandenburg
f5bd06ab835b,21758,Riesa,Schleswig-Holstein
e487b9b9f3f8,49611,Oranienburg,Thüringen
0ecc199bf319,14196,Jülich,Sachsen-Anhalt
a843c897601f,09649,Kulmbach,Mecklenburg-Vorpommern
0a872da2b2c2,22593,Gunzenhausen,Bremen
0d40dc2ae10d,87991,Aschaffenburg,Berlin
bdde9cfbebaf,37605,Grafenau,Bayern
91d7c560befb,50344,Reutlingen,Sachsen-Anhalt
3440e95f3c5a,67821,Bitterfeld,Schleswig-Holstein
4f57ae2ffeee,96987,Ochsenfurt,Sachsen
4ff39efe0c37,60511,Bitterfeld,Sachsen-Anhalt
edd213b55d91,59067,Badibling,Baden-Württemberg
5128bef0e4a9,76056,Ebersberg,Baden-Württemberg
5d0536d12f17,,Darmstadt,Hamburg
cd0279635bf1,21224,Zossen,Schleswig-Holstein
4cf5896cdd88,15848,Beeskow,Baden-Württemberg
75a18f420f3b,64261,Wetzlar,Brandenburg
c75dc8ce2d98,85254,Heiligenstadt,Bremen
ea44f9c67b6e,47523,Calw,Bremen
d4129aa4c1b3,03886,Bersenbrück,Thüringen
f3c7ffe55341,88249,Hohenstein-Ernstthal,Mecklenburg-Vorpommern
aa5d87998a2a,52444,Griesbach Rottal,Niedersachsen
5caef4462f84,39128,Nürtingen,Niedersachsen
7495bed060a9,24630,Wetzlar,Sachsen
7acac7cb4f65,87062,Einbeck,Bayern
3f102afad00d,66100,Weimar,Sachsen
e5c38c7b8b62,98074,Wolmirstedt,Bremen
ca7e4c1f97fd,96715,Tuttlingen,Bayern
20ec997f0456,07851,Schwabmünchen,Niedersachsen
bad59cbc1a8e,69708,Plauen,Sachsen-Anhalt
9f8bb10d51b5,60932,Brand,Bremen
195d1d87ed88,21755,Cloppenburg,Schleswig-Holstein
b5153050464a,64222,Hoyerswerda,Berlin
81314acefba0,82092,Kehl,Thüringen
3c583cee118d,23247,Nürtingen,Hamburg
55e28e9559e9,68507,Beeskow,Saarland
57719992ae4c,37092,Bad Liebenwerda,Bayern
fb86fc199742,32987,Saarlouis,Hessen
815d39d76d52,10450,Jessen,Sachsen
8a8452860d40,86067,Rudolstadt,Mecklenburg-Vorpommern
aaa6ae316d32,55077,Vilsbiburg,Bayern
562195e19ef5,85510,Seelow,Nordrhein-Westfalen
70fa5743eedd,54760,Eichstätt,Baden-Württemberg
a850deaca172,00260,Herzberg,Brandenburg
50e4dac32dcc,17327,Jülich,Saarland
8b9804a18cf9,04520,Mainburg,Bayern
618cc57afb13,56100,Neustadt am Rübenberge,Baden-Württemberg
fa5d05a1fbda,84233,Hechingen,Saarland
ee2a9f424f39,36542,Erbisdorf,Nordrhein-Westfalen
429cbfd31cd7,00906,Jüterbog,Mecklenburg-Vorpommern
94bcba74315e,29045,Hoyerswerda,Schleswig-Holstein
59b9071f19ac,62027,Jülich,Hamburg
77989b5d640a,80236,Burg,Hamburg
c440be2dc911,38558,Wetzlar,Rheinland-Pfalz
c686141e554c,86928,Einbeck,Niedersachsen
5c1b6063f020,94823,Sternberg,Bremen
79204e328122,99302,Dachau,Bayern
3bf1d8ad69c7,02816,Badalzungen,Sachsen-Anhalt
c57e8356015d,21029,Lübeck,Berlin
749e9ba6c73c,19662,Reutlingen,Berlin
38271a58b81d,63621,Karlsruhe,Saarland
835be6799755,,Mettmann,Hessen
46abfdacd226,21880,Sangerhausen,Brandenburg
db101f406012,50583,Goslar,Niedersachsen
f539e0e6728a,94757,Rottweil,Niedersachsen
dc03524d72cc,42125,Kemnath,Baden-Württemberg
bb0e27df0d3e,21307,Demmin,Mecklenburg-Vorpommern
f0ae84fe65c4,26145,Fulda,Bayern
8f9f681c0af4,22115,Bremervörde,Niedersachsen
8cb2516ad183,08652,Melle,Schleswig-Holstein
b0c234dacd05,27810,Hildesheim,Bayern
7ade2c1e0157,39136,Norden,Hamburg
a3aedda8d4ab,35259,Steinfurt,Hessen
e9c2bd64e52f,61850,Lichtenfels,Berlin
bfbae68bbec2,12615,Ravensburg,Hamburg
b5a6aad762bb,32228,Siegen,Brandenburg
4f3591331c55,95350,Gifhorn,Thüringen
a8d56cd8c7b8,18520,Füssen,Sachsen
4cea042f7aed,49121,Brand,Sachsen-Anhalt
a2ac4df62e2b,07020,Eichstätt,Sachsen-Anhalt
990779cf8869,60987,Bersenbrück,Hamburg
e5cfa1b88670,98897,Jessen,Mecklenburg-Vorpommern
fb46fedca7cb,23120,Coburg,Berlin
89771a379f84,68764,Prenzlau,Sachsen-Anhalt
87d8cf076baa,00635,Vechta,Mecklenburg-Vorpommern
f1d915ccea6a,30597,Eisenhüttenstadt,Saarland
cc2e0d6395e1,96546,Gotha,Nordrhein-Westfalen
968238901c07,44974,Rockenhausen,Niedersachsen
d7c8a8f805ce,13210,Darmstadt,Bayern
33c5c26054a7,92203,Bad Langensalza,Nordrhein-Westfalen
55b8948f723e,56589,Erkelenz,Rheinland-Pfalz
873288b0f8fb,66311,Potsdam,Saarland
7a3caf8d72f9,46310,Gelnhausen,Schleswig-Holstein
19cab166e31b,21774,Mühldorf am Inn,Niedersachsen
188c9a5c1a64,27523,Delitzsch,Bremen
abd59341f3f1,16750,Main-Höchst,Bremen
a48886afbfd9,72303,Weimar,Bremen
ee25d0e6f8f7,07648,Wetzlar,Brandenburg
a3d1bc8c2ba2,72581,Düren,Rheinland-Pfalz
ac329909b816,12110,Peine,Schleswig-Holstein
14de5d2e2a0c,51999,Uelzen,Saarland
30ab010147f1,22054,Dinkelsbühl,Brandenburg
688d8e5662ef,34447,Havelberg,Thüringen
884802d6725a,95377,Schwäbisch Gmünd,Hamburg
7069ce379c0d,22592,Lüdenscheid,Berlin
b50e06250f56,15630,Saarbrücken,Rheinland-Pfalz
bfe8a25c1406,61549,Spremberg,Rheinland-Pfalz
f073c64a2004,12154,Waren,Saarland
81d199d7f773,88064,Wolmirstedt,Bremen
1636252b729a,64196,Fürstenwalde,Nordrhein-Westfalen
31becad38df2,94831,Wismar,Thüringen
446545a9feff,66602,Beilngries,Baden-Württemberg
dec2d92afa99,83805,Lübz,Hamburg
ab5e5d667420,33761,Sigmaringen,Brandenburg
d27e485fd6fd,92188,Iserlohn,Hamburg
063985b5ff29,59208,Staffelstein,Niedersachsen
f4ec8620a252,02665,Pfaffenhofen an der Ilm,Sachsen
3dccc84ce1e3,60742,Melle,Niedersachsen
b342d2731d1f,47485,Luckenwalde,Niedersachsen
c51f676b7202,36988,Konstanz,Nordrhein-Westfalen
710113ae34b1,27066,Rastatt,Bayern
0b56b0d30ece,99741,Lübeck,Mecklenburg-Vorpommern
2120a826ced3,30564,Ravensburg,Niedersachsen
28450eab660d,36510,Gräfenhainichen,Nordrhein-Westfalen
4a3003667bf7,40622,Hildburghausen,Saarland
b2d49550cf02,74764,Tirschenreuth,Rheinland-Pfalz
7205110569a0,53129,Ahaus,Mecklenburg-Vorpommern
e824a2749e48,48839,Rathenow,Rheinland-Pfalz
f2344e0a11b7,75917,Bautzen,Rheinland-Pfalz
77ad1e6df746,53524,Pegnitz,Nordrhein-Westfalen
0488ae9282bd,37880,Eutin,Brandenburg
1097ce4c873e,52787,Amberg,Nordrhein-Westfalen
e4b5cb2247b3,18915,Torgau,Thüringen
094eac2625f3,36299,Klötze,Sachsen-Anhalt
f6a34b6ae058,52118,Sternberg,Nordrhein-Westfalen
078cf7c2e76f,95828,Saarlouis,Bayern
2bec6db3684b,59844,Burg,Niedersachsen
0d409b8b3b80,97814,Roding,Baden-Württemberg
051822a99641,51588,Wunsiedel,Schleswig-Holstein
270e3dbaa894,97425,Cottbus,Mecklenburg-Vorpommern
a6a4c4bba062,,Konstanz,Sachsen
880786415f0c,85615,Meppen,Mecklenburg-Vorpommern
689be503fd22,69028,Nabburg,Thüringen
83917dff0d2a,41610,Schwäbisch Gmünd,Schleswig-Holstein
4effb40d914b,30427,Freising,Sachsen-Anhalt
d42b50263f66,90676,Uelzen,Baden-Württemberg
c6ed379381ca,27174,Artern,Sachsen-Anhalt
e986319c1339,87758,Wiedenbrück,Mecklenburg-Vorpommern
d2e856c8388f,02826,Iserlohn,Niedersachsen
dc0cd7f632bf,41007,Burgdorf,Hessen
050be106f190,48709,Duderstadt,Sachsen
1b84fe910c90,26118,Bad Freienwalde,Hessen
a038b123f544,20095,Kötzting,Sachsen-Anhalt
3405d23c5dca,25900,Fürstenfeldbruck,Schleswig-Holstein
7e7d85dcb9cf,16722,Aue,Niedersachsen
1885ebd4660c,43602,Zerbst,Nordrhein-Westfalen
a2358e00a911,09447,Eisleben,Sachsen
7e736143ef37,94802,Ilmenau,Saarland
67c33c684bbe,49864,Rathenow,Sachsen-Anhalt
24d634f17354,78191,Neustrelitz,Nordrhein-Westfalen
468e709a4a83,84864,Bad Kreuznach,Hamburg
887a73cb94dc,20550,Zeulenroda,Hessen
dfc49371921b,90088,Cottbus,Niedersachsen
a6006729eb0e,60854,Pößneck,Sachsen-Anhalt
871f8b4139ea,18151,Uelzen,Niedersachsen
156bf92e130e,75699,Güstrow,Niedersachsen
7e456e763650,82238,Sankt Goar,Nordrhein-Westfalen
66c69ec74124,64235,Apolda,Baden-Württemberg
eaae01966a84,59046,Backnang,Bayern
d1c135e26a7a,12329,Berlin,Saarland
07b92aac87b8,42276,Siegen,Nordrhein-Westfalen
374f4987985f,58617,Pfaffenhofen an der Ilm,Hamburg
c0aa67bccdba,62241,Ludwigslust,Schleswig-Holstein
9f99f9396b9c,18489,Hannoversch Münden,Bremen
4ec5d0d83271,64952,Grevenbroich,Hamburg
bc4530a6f78d,,Husum,Nordrhein-Westfalen
c8264ff97bdf,10212,Heinsberg,Hessen
e263a7a78454,21860,Flöha,Hamburg
8c8ee8a9a9ef,71317,Rudolstadt,Schleswig-Holstein
08c98f957991,19478,Kassel,Baden-Württemberg
ae868fa763a9,90371,Büsingen am Hochrhein,Sachsen-Anhalt
6ea077b24433,18375,Bad Kreuznach,Schleswig-Holstein
452041c8dc89,43236,Eberswalde,Brandenburg
d8c930c100f2,69139,Uffenheim,Bremen
19a338cccf37,84243,Schweinfurt,Mecklenburg-Vorpommern
26456a23a19c,02151,Nauen,Saarland
0c9f50253a75,14764,Neustrelitz,Sachsen-Anhalt
ea0c9d4c943e,95978,Hünfeld,Saarland
3d72668edf04,46546,Mühlhausen,Bremen
e11ba68c2897,78370,Burg,Thüringen
5f3fbfbffdc5,92546,Donaueschingen,Schleswig-Holstein
6a18980f851a,13538,Nauen,Sachsen-Anhalt
afeee7d6a9ec,93205,Gera,Niedersachsen
f62642695f24,64053,Lörrach,Schleswig-Holstein
66d83e310e09,84227,Luckau,Bremen
ce14e0367a4a,69171,Eckernförde,Bayern
0890fab2d63e,92202,Ribnitz-Damgarten,Baden-Württemberg
18c4413200a1,70316,Mellrichstadt,Bayern
e60bbfb74318,17294,Mallersdorf,Mecklenburg-Vorpommern
ff5ac746bfa2,72728,Ebern,Brandenburg
2ca50b35ad33,27284,Forst,Thüringen
0ca72907330e,80192,Eckernförde,Hamburg
49067f21850d,08320,Grimmen,Thüringen
9ac16b47a843,72760,Eggenfelden,Bremen
c4c7cda08897,06719,Holzminden,Nordrhein-Westfalen
0a872da2b2c2,22593,Gunzenhausen,Bremen
635719a9bacb,48463,Emmendingen,Bremen
e70e2b8716ad,51826,Leipziger Land,Thüringen
cd0279635bf1,21224,Zossen,Schleswig-Holstein
a9617bd36564,19108,Rochlitz,Bremen
c061d6ecb41c,97546,Vechta,Brandenburg
54ff55540509,02255,Schwerin,Niedersachsen
4778890e21f0,16272,Griesbach Rottal,Sachsen
c9971add6108,92222,Lüdenscheid,Nordrhein-Westfalen
c5dd3a786081,14257,Eckernförde,Schleswig-Holstein
e4b5cb2247b3,18915,Torgau,Thüringen
d7c8a8f805ce,13210,Darmstadt,Bayern
180277d9bac3,91093,Vilsbiburg,Schleswig-Holstein
a345a4ce9ea4,74545,Rehau,Thüringen
1d535cf02561,53390,Kassel,Baden-Württemberg
910f11049def,04337,Stadtroda,Bayern
063985b5ff29,59208,Staffelstein,Niedersachsen
